	qseqid	sscinames	qcovs	pident	evalue	staxids	qseq	sblastnames	salltitles	stitle	tm	same_tm
0	GP5+_None	Human papillomavirus type 16	100	100.0	0.023	333760	TTTGTTACTGTGGTAGATACTAC	viruses	Human papillomavirus type 16 isolate LKA-035 L1 (L1) gene, partial cds	Human papillomavirus type 16 isolate LKA-035 L1 (L1) gene, partial cds	58.07117041543978	True
1	GP5+_None	Human papillomavirus type 16	100	100.0	0.023	333760	TTTGTTACTGTGGTAGATACTAC	viruses	Human papillomavirus type 16 isolate LKA-032 L1 (L1) gene, partial cds<>Human papillomavirus type 16 isolate LKA-033 L1 (L1) gene, partial cds<>Human papillomavirus type 16 isolate LKA-034 L1 (L1) gene, partial cds	Human papillomavirus type 16 isolate LKA-032 L1 (L1) gene, partial cds	58.07117041543978	True
2	GP5+_None	Human papillomavirus type 16	100	100.0	0.023	333760	TTTGTTACTGTGGTAGATACTAC	viruses	Human papillomavirus type 16 isolate LKA-030 L1 (L1) gene, partial cds	Human papillomavirus type 16 isolate LKA-030 L1 (L1) gene, partial cds	58.07117041543978	True
3	GP5+_None	Human papillomavirus type 16	100	100.0	0.023	333760	TTTGTTACTGTGGTAGATACTAC	viruses	Human papillomavirus type 16 isolate LKA-029 L1 (L1) gene, partial cds	Human papillomavirus type 16 isolate LKA-029 L1 (L1) gene, partial cds	58.07117041543978	True
4	GP5+_None	Human papillomavirus type 16	100	100.0	0.023	333760	TTTGTTACTGTGGTAGATACTAC	viruses	Human papillomavirus type 16 isolate LKA-028 L1 (L1) gene, partial cds	Human papillomavirus type 16 isolate LKA-028 L1 (L1) gene, partial cds	58.07117041543978	True
5	GP5+_None	Human papillomavirus type 16	100	100.0	0.023	333760	TTTGTTACTGTGGTAGATACTAC	viruses	Human papillomavirus type 16 isolate LKA-027 L1 (L1) gene, partial cds	Human papillomavirus type 16 isolate LKA-027 L1 (L1) gene, partial cds	58.07117041543978	True
6	GP5+_None	Human papillomavirus type 16	100	100.0	0.023	333760	TTTGTTACTGTGGTAGATACTAC	viruses	Human papillomavirus type 16 isolate LKA-013 L1 (L1) gene, partial cds<>Human papillomavirus type 16 isolate LKA-014 L1 (L1) gene, partial cds<>Human papillomavirus type 16 isolate LKA-015 L1 (L1) gene, partial cds<>Human papillomavirus type 16 isolate LKA-016 L1 (L1) gene, partial cds<>Human papillomavirus type 16 isolate LKA-017 L1 (L1) gene, partial cds<>Human papillomavirus type 16 isolate LKA-018 L1 (L1) gene, partial cds<>Human papillomavirus type 16 isolate LKA-019 L1 (L1) gene, partial cds<>Human papillomavirus type 16 isolate LKA-020 L1 (L1) gene, partial cds<>Human papillomavirus type 16 isolate LKA-021 L1 (L1) gene, partial cds<>Human papillomavirus type 16 isolate LKA-022 L1 (L1) gene, partial cds<>Human papillomavirus type 16 isolate LKA-023 L1 (L1) gene, partial cds<>Human papillomavirus type 16 isolate LKA-024 L1 (L1) gene, partial cds<>Human papillomavirus type 16 isolate LKA-025 L1 (L1) gene, partial cds<>Human papillomavirus type 16 isolate LKA-026 L1 (L1) gene, partial cds	Human papillomavirus type 16 isolate LKA-013 L1 (L1) gene, partial cds	58.07117041543978	True
7	GP5+_None	Human papillomavirus type 16	100	100.0	0.023	333760	TTTGTTACTGTGGTAGATACTAC	viruses	Human papillomavirus type 16 isolate LKA-001 L1 (L1) gene, partial cds<>Human papillomavirus type 16 isolate LKA-002 L1 (L1) gene, partial cds<>Human papillomavirus type 16 isolate LKA-003 L1 (L1) gene, partial cds<>Human papillomavirus type 16 isolate LKA-004 L1 (L1) gene, partial cds<>Human papillomavirus type 16 isolate LKA-005 L1 (L1) gene, partial cds<>Human papillomavirus type 16 isolate LKA-006 L1 (L1) gene, partial cds<>Human papillomavirus type 16 isolate LKA-007 L1 (L1) gene, partial cds<>Human papillomavirus type 16 isolate LKA-008 L1 (L1) gene, partial cds<>Human papillomavirus type 16 isolate LKA-009 L1 (L1) gene, partial cds<>Human papillomavirus type 16 isolate LKA-010 L1 (L1) gene, partial cds<>Human papillomavirus type 16 isolate LKA-011 L1 (L1) gene, partial cds<>Human papillomavirus type 16 isolate LKA-012 L1 (L1) gene, partial cds	Human papillomavirus type 16 isolate LKA-001 L1 (L1) gene, partial cds	58.07117041543978	True
8	GP5+_None	Human papillomavirus type 16	100	100.0	0.023	333760	TTTGTTACTGTGGTAGATACTAC	viruses	Human papillomavirus type 16 isolate SL-018 L1 (L1) gene, partial cds	Human papillomavirus type 16 isolate SL-018 L1 (L1) gene, partial cds	58.07117041543978	True
9	GP5+_None	Human papillomavirus type 16	100	100.0	0.023	333760	TTTGTTACTGTGGTAGATACTAC	viruses	Human papillomavirus type 16 isolate SL-008 L1 (L1) gene, partial cds	Human papillomavirus type 16 isolate SL-008 L1 (L1) gene, partial cds	58.07117041543978	True
10	GP5+_None	Human papillomavirus type 16	100	100.0	0.023	333760	TTTGTTACTGTGGTAGATACTAC	viruses	Human papillomavirus type 16 isolate SL-006 L1 (L1) gene, partial cds<>Human papillomavirus type 16 isolate SL-014 L1 (L1) gene, partial cds	Human papillomavirus type 16 isolate SL-006 L1 (L1) gene, partial cds	58.07117041543978	True
11	GP5+_None	Human papillomavirus type 16	100	100.0	0.023	333760	TTTGTTACTGTGGTAGATACTAC	viruses	Human papillomavirus type 16 isolate SL-005 L1 (L1) gene, partial cds<>Human papillomavirus type 16 isolate SL-010 L1 (L1) gene, partial cds<>Human papillomavirus type 16 isolate SL-013 L1 (L1) gene, partial cds<>Human papillomavirus type 16 isolate SL-020 L1 (L1) gene, partial cds<>Human papillomavirus type 16 isolate SL-023 L1 (L1) gene, partial cds<>Human papillomavirus type 16 isolate SL-026 L1 (L1) gene, partial cds	Human papillomavirus type 16 isolate SL-005 L1 (L1) gene, partial cds	58.07117041543978	True
12	GP5+_None	Human papillomavirus type 16	100	100.0	0.023	333760	TTTGTTACTGTGGTAGATACTAC	viruses	Human papillomavirus type 16 isolate SL-002 L1 (L1) gene, partial cds<>Human papillomavirus type 16 isolate SL-003 L1 (L1) gene, partial cds<>Human papillomavirus type 16 isolate SL-022 L1 (L1) gene, partial cds	Human papillomavirus type 16 isolate SL-002 L1 (L1) gene, partial cds	58.07117041543978	True
13	GP5+_None	Human papillomavirus type 16	100	100.0	0.023	333760	TTTGTTACTGTGGTAGATACTAC	viruses	Human papillomavirus type 16 isolate SL-001 L1 (L1) gene, partial cds<>Human papillomavirus type 16 isolate SL-011 L1 (L1) gene, partial cds<>Human papillomavirus type 16 isolate SL-015 L1 (L1) gene, partial cds<>Human papillomavirus type 16 isolate SL-019 L1 (L1) gene, partial cds<>Human papillomavirus type 16 isolate SL-021 L1 (L1) gene, partial cds	Human papillomavirus type 16 isolate SL-001 L1 (L1) gene, partial cds	58.07117041543978	True
14	GP5+_None	human papillomavirus 66	100	100.0	0.023	37119	TTTGTTACTGTGGTAGATACTAC	viruses	Human papillomavirus type 66 L1 gene, major capsid protein, partial sequence, isolate: Z1	Human papillomavirus type 66 L1 gene, major capsid protein, partial sequence, isolate: Z1	58.07117041543978	True
15	GP5+_None	Human papillomavirus	100	100.0	0.023	10566	TTTGTTACTGTGGTAGATACTAC	viruses	Human papillomavirus L1 gene, major capsid protein, partial sequence, isolate: Y4	Human papillomavirus L1 gene, major capsid protein, partial sequence, isolate: Y4	58.07117041543978	True
16	GP5+_None	Human papillomavirus type 6	100	100.0	0.023	31552	TTTGTTACTGTGGTAGATACTAC	viruses	Human papillomavirus type 6 L1 gene, major capsid protein, partial sequence, isolate: Y2	Human papillomavirus type 6 L1 gene, major capsid protein, partial sequence, isolate: Y2	58.07117041543978	True
17	GP5+_None	Human papillomavirus type 16	100	100.0	0.023	333760	TTTGTTACTGTGGTAGATACTAC	viruses	Human papillomavirus type 16 L1 gene, major capsid protein, partial sequence, isolate: X5	Human papillomavirus type 16 L1 gene, major capsid protein, partial sequence, isolate: X5	58.07117041543978	True
18	GP5+_None	Human papillomavirus	100	100.0	0.023	10566	TTTGTTACTGTGGTAGATACTAC	viruses	Human papillomavirus L1 gene, major capsid protein, partial sequence, isolate: R1	Human papillomavirus L1 gene, major capsid protein, partial sequence, isolate: R1	58.07117041543978	True
19	GP5+_None	human papillomavirus 33	100	100.0	0.023	10586	TTTGTTACTGTGGTAGATACTAC	viruses	Human papillomavirus type 33 L1 gene, major capsid protein, partial sequence, isolate: N5	Human papillomavirus type 33 L1 gene, major capsid protein, partial sequence, isolate: N5	58.07117041543978	True
20	GP5+_None	Human papillomavirus type 6	100	100.0	0.023	31552	TTTGTTACTGTGGTAGATACTAC	viruses	Human papillomavirus type 6 L1 gene, major capsid protein, partial sequence, isolate: N1	Human papillomavirus type 6 L1 gene, major capsid protein, partial sequence, isolate: N1	58.07117041543978	True
21	GP5+_None	Human papillomavirus type 6	100	100.0	0.023	31552	TTTGTTACTGTGGTAGATACTAC	viruses	Human papillomavirus type 6 L1 gene, major capsid protein, partial sequence, isolate: M4<>Human papillomavirus type 6 L1 gene, major capsid protein, partial sequence, isolate: N6	Human papillomavirus type 6 L1 gene, major capsid protein, partial sequence, isolate: M4	58.07117041543978	True
22	GP5+_None	human papillomavirus 11	100	100.0	0.023	10580	TTTGTTACTGTGGTAGATACTAC	viruses	Human papillomavirus type 11 L1 gene, major capsid protein, partial sequence, isolate: M2	Human papillomavirus type 11 L1 gene, major capsid protein, partial sequence, isolate: M2	58.07117041543978	True
23	GP5+_None	Human papillomavirus type 6	100	100.0	0.023	31552	TTTGTTACTGTGGTAGATACTAC	viruses	Human papillomavirus type 6 L1 gene, major capsid protein, partial sequence, isolate: L6	Human papillomavirus type 6 L1 gene, major capsid protein, partial sequence, isolate: L6	58.07117041543978	True
24	GP5+_None	human papillomavirus 35	100	100.0	0.023	10587	TTTGTTACTGTGGTAGATACTAC	viruses	Human papillomavirus type 35 L1 gene, major capsid protein, partial sequence, isolate: L5	Human papillomavirus type 35 L1 gene, major capsid protein, partial sequence, isolate: L5	58.07117041543978	True
25	GP5+_None	Human papillomavirus	100	100.0	0.023	10566	TTTGTTACTGTGGTAGATACTAC	viruses	Human papillomavirus L1 gene, major capsid protein, partial sequence, isolate: K2	Human papillomavirus L1 gene, major capsid protein, partial sequence, isolate: K2	58.07117041543978	True
26	GP5+_None	Human papillomavirus type 16	100	100.0	0.023	333760	TTTGTTACTGTGGTAGATACTAC	viruses	Human papillomavirus type 16 L1 gene, major capsid protein, partial sequence, isolate: I5	Human papillomavirus type 16 L1 gene, major capsid protein, partial sequence, isolate: I5	58.07117041543978	True
27	GP5+_None	human papillomavirus 81	100	100.0	0.023	333771	TTTGTTACTGTGGTAGATACTAC	viruses	Human papillomavirus type 81 L1 gene, major capsid protein, partial sequence, isolate: H11	Human papillomavirus type 81 L1 gene, major capsid protein, partial sequence, isolate: H11	58.07117041543978	True
28	GP5+_None	Human papillomavirus type 16	100	100.0	0.023	333760	TTTGTTACTGTGGTAGATACTAC	viruses	Human papillomavirus type 16 L1 gene, major capsid protein, partial sequence, isolate: H6	Human papillomavirus type 16 L1 gene, major capsid protein, partial sequence, isolate: H6	58.07117041543978	True
29	GP5+_None	human papillomavirus 81	100	100.0	0.023	333771	TTTGTTACTGTGGTAGATACTAC	viruses	Human papillomavirus type 81 L1 gene, major capsid protein, partial sequence, isolate: H4	Human papillomavirus type 81 L1 gene, major capsid protein, partial sequence, isolate: H4	58.07117041543978	True
30	GP5+_None	Human papillomavirus type 16	100	100.0	0.023	333760	TTTGTTACTGTGGTAGATACTAC	viruses	Human papillomavirus type 16 L1 gene, major capsid protein, partial sequence, isolate: H2	Human papillomavirus type 16 L1 gene, major capsid protein, partial sequence, isolate: H2	58.07117041543978	True
31	GP5+_None	human papillomavirus 31	100	100.0	0.023	10585	TTTGTTACTGTGGTAGATACTAC	viruses	Human papillomavirus type 31 L1 gene, major capsid protein, partial sequence, isolate: G8	Human papillomavirus type 31 L1 gene, major capsid protein, partial sequence, isolate: G8	58.07117041543978	True
32	GP5+_None	human papillomavirus 31	100	100.0	0.023	10585	TTTGTTACTGTGGTAGATACTAC	viruses	Human papillomavirus type 31 L1 gene, major capsid protein, partial sequence, isolate: G5	Human papillomavirus type 31 L1 gene, major capsid protein, partial sequence, isolate: G5	58.07117041543978	True
33	GP5+_None	human papillomavirus 52	100	100.0	0.023	10618	TTTGTTACTGTGGTAGATACTAC	viruses	Human papillomavirus type 52 L1 gene, major capsid protein, partial sequence, isolate: G1	Human papillomavirus type 52 L1 gene, major capsid protein, partial sequence, isolate: G1	58.07117041543978	True
34	GP5+_None	Human papillomavirus type 6	100	100.0	0.023	31552	TTTGTTACTGTGGTAGATACTAC	viruses	Human papillomavirus type 6 L1 gene, major capsid protein, partial sequence, isolate: E7	Human papillomavirus type 6 L1 gene, major capsid protein, partial sequence, isolate: E7	58.07117041543978	True
35	GP5+_None	Human papillomavirus type 16	100	100.0	0.023	333760	TTTGTTACTGTGGTAGATACTAC	viruses	Human papillomavirus type 16 L1 gene, major capsid protein, partial sequence, isolate: D6	Human papillomavirus type 16 L1 gene, major capsid protein, partial sequence, isolate: D6	58.07117041543978	True
36	GP5+_None	Human papillomavirus	100	100.0	0.023	10566	TTTGTTACTGTGGTAGATACTAC	viruses	Human papillomavirus L1 gene, major capsid protein, partial sequence, isolate: D5	Human papillomavirus L1 gene, major capsid protein, partial sequence, isolate: D5	58.07117041543978	True
37	GP5+_None	Human papillomavirus type 16	100	100.0	0.023	333760	TTTGTTACTGTGGTAGATACTAC	viruses	Human papillomavirus type 16 L1 gene, major capsid protein, partial sequence, isolate: C4	Human papillomavirus type 16 L1 gene, major capsid protein, partial sequence, isolate: C4	58.07117041543978	True
38	GP5+_None	Human papillomavirus type 16	100	100.0	0.023	333760	TTTGTTACTGTGGTAGATACTAC	viruses	Human papillomavirus type 16 L1 gene, major capsid protein, partial sequence, isolate: C1	Human papillomavirus type 16 L1 gene, major capsid protein, partial sequence, isolate: C1	58.07117041543978	True
39	GP5+_None	Human papillomavirus type 6	100	100.0	0.023	31552	TTTGTTACTGTGGTAGATACTAC	viruses	Human papillomavirus type 6 L1 gene, major capsid protein, partial sequence, isolate: B9	Human papillomavirus type 6 L1 gene, major capsid protein, partial sequence, isolate: B9	58.07117041543978	True
40	GP5+_None	human papillomavirus 51	100	100.0	0.023	10595	TTTGTTACTGTGGTAGATACTAC	viruses	Human papillomavirus type 51 L1 gene, major capsid protein, partial sequence, isolate: B4	Human papillomavirus type 51 L1 gene, major capsid protein, partial sequence, isolate: B4	58.07117041543978	True
41	GP5+_None	Human papillomavirus type 16	100	100.0	0.023	333760	TTTGTTACTGTGGTAGATACTAC	viruses	Human papillomavirus type 16 L1 gene, major capsid protein, partial sequence, isolate: a7	Human papillomavirus type 16 L1 gene, major capsid protein, partial sequence, isolate: a7	58.07117041543978	True
42	GP5+_None	Alphapapillomavirus 9	100	100.0	0.023	337041	TTTGTTACTGTGGTAGATACTAC	viruses	Alphapapillomavirus 9 isolate 2138_2014 major capsid protein (L1) gene, partial cds	Alphapapillomavirus 9 isolate 2138_2014 major capsid protein (L1) gene, partial cds	58.07117041543978	True
43	GP5+_None	Alphapapillomavirus 9	100	100.0	0.023	337041	TTTGTTACTGTGGTAGATACTAC	viruses	Alphapapillomavirus 9 isolate 1521_2014 major capsid protein (L1) gene, partial cds	Alphapapillomavirus 9 isolate 1521_2014 major capsid protein (L1) gene, partial cds	58.07117041543978	True
44	GP5+_None	Alphapapillomavirus 9	100	100.0	0.023	337041	TTTGTTACTGTGGTAGATACTAC	viruses	Alphapapillomavirus 9 isolate 4315_2014 major capsid protein (L1) gene, partial cds<>Alphapapillomavirus 9 isolate 1248_2014 major capsid protein (L1) gene, partial cds	Alphapapillomavirus 9 isolate 4315_2014 major capsid protein (L1) gene, partial cds	58.07117041543978	True
45	GP5+_None	Alphapapillomavirus 9	100	100.0	0.023	337041	TTTGTTACTGTGGTAGATACTAC	viruses	Alphapapillomavirus 9 isolate 3970_2014 major capsid protein-like (L1) gene, partial sequence	Alphapapillomavirus 9 isolate 3970_2014 major capsid protein-like (L1) gene, partial sequence	58.07117041543978	True
46	GP5+_None	Human papillomavirus	100	100.0	0.023	10566	TTTGTTACTGTGGTAGATACTAC	viruses	Human papillomavirus isolate H245 nonfunctional late protein L1 gene, partial sequence	Human papillomavirus isolate H245 nonfunctional late protein L1 gene, partial sequence	58.07117041543978	True
47	GP5+_None	Human papillomavirus	100	100.0	0.023	10566	TTTGTTACTGTGGTAGATACTAC	viruses	Human papillomavirus isolate H223 late protein L1 gene, partial cds	Human papillomavirus isolate H223 late protein L1 gene, partial cds	58.07117041543978	True
48	GP5+_None	Human papillomavirus	100	100.0	0.023	10566	TTTGTTACTGTGGTAGATACTAC	viruses	Human papillomavirus isolate H218 nonfunctional late protein L1 gene, partial sequence	Human papillomavirus isolate H218 nonfunctional late protein L1 gene, partial sequence	58.07117041543978	True
49	GP5+_None	Human papillomavirus	100	100.0	0.023	10566	TTTGTTACTGTGGTAGATACTAC	viruses	Human papillomavirus isolate H217 nonfunctional late protein L1 gene, partial sequence	Human papillomavirus isolate H217 nonfunctional late protein L1 gene, partial sequence	58.07117041543978	True
50	GP5+_None	Human papillomavirus	100	100.0	0.023	10566	TTTGTTACTGTGGTAGATACTAC	viruses	Human papillomavirus isolate H212 late protein L1 gene, partial cds	Human papillomavirus isolate H212 late protein L1 gene, partial cds	58.07117041543978	True
51	GP5+_None	Human papillomavirus	100	100.0	0.023	10566	TTTGTTACTGTGGTAGATACTAC	viruses	Human papillomavirus isolate H202 late protein L1 gene, partial cds	Human papillomavirus isolate H202 late protein L1 gene, partial cds	58.07117041543978	True
52	GP5+_None	Human papillomavirus	100	100.0	0.023	10566	TTTGTTACTGTGGTAGATACTAC	viruses	Human papillomavirus isolate H197 nonfunctional late protein L1 gene, partial sequence	Human papillomavirus isolate H197 nonfunctional late protein L1 gene, partial sequence	58.07117041543978	True
53	GP5+_None	Human papillomavirus	100	100.0	0.023	10566	TTTGTTACTGTGGTAGATACTAC	viruses	Human papillomavirus isolate H173 nonfunctional late protein L1 gene, partial sequence	Human papillomavirus isolate H173 nonfunctional late protein L1 gene, partial sequence	58.07117041543978	True
54	GP5+_None	Human papillomavirus	100	100.0	0.023	10566	TTTGTTACTGTGGTAGATACTAC	viruses	Human papillomavirus isolate H169 nonfunctional late protein L1 gene, partial sequence	Human papillomavirus isolate H169 nonfunctional late protein L1 gene, partial sequence	58.07117041543978	True
55	GP5+_None	Human papillomavirus	100	100.0	0.023	10566	TTTGTTACTGTGGTAGATACTAC	viruses	Human papillomavirus isolate H166 nonfunctional late protein L1 gene, partial sequence	Human papillomavirus isolate H166 nonfunctional late protein L1 gene, partial sequence	58.07117041543978	True
56	GP5+_None	Human papillomavirus	100	100.0	0.023	10566	TTTGTTACTGTGGTAGATACTAC	viruses	Human papillomavirus isolate H164 nonfunctional late protein L1 gene, partial sequence	Human papillomavirus isolate H164 nonfunctional late protein L1 gene, partial sequence	58.07117041543978	True
57	GP5+_None	Human papillomavirus	100	100.0	0.023	10566	TTTGTTACTGTGGTAGATACTAC	viruses	Human papillomavirus isolate H161 late protein L1 gene, partial cds	Human papillomavirus isolate H161 late protein L1 gene, partial cds	58.07117041543978	True
58	GP5+_None	Human papillomavirus	100	100.0	0.023	10566	TTTGTTACTGTGGTAGATACTAC	viruses	Human papillomavirus isolate H156 nonfunctional late protein L1 gene, partial sequence	Human papillomavirus isolate H156 nonfunctional late protein L1 gene, partial sequence	58.07117041543978	True
59	GP5+_None	Human papillomavirus	100	100.0	0.023	10566	TTTGTTACTGTGGTAGATACTAC	viruses	Human papillomavirus isolate H155 nonfunctional late protein L1 gene, partial sequence	Human papillomavirus isolate H155 nonfunctional late protein L1 gene, partial sequence	58.07117041543978	True
60	GP5+_None	Human papillomavirus	100	100.0	0.023	10566	TTTGTTACTGTGGTAGATACTAC	viruses	Human papillomavirus isolate H133 nonfunctional late protein L1 gene, partial sequence	Human papillomavirus isolate H133 nonfunctional late protein L1 gene, partial sequence	58.07117041543978	True
61	GP5+_None	Human papillomavirus	100	100.0	0.023	10566	TTTGTTACTGTGGTAGATACTAC	viruses	Human papillomavirus isolate H129 nonfunctional late protein L1 gene, partial sequence	Human papillomavirus isolate H129 nonfunctional late protein L1 gene, partial sequence	58.07117041543978	True
62	GP5+_None	Human papillomavirus	100	100.0	0.023	10566	TTTGTTACTGTGGTAGATACTAC	viruses	Human papillomavirus isolate H116 nonfunctional late protein L1 gene, partial sequence	Human papillomavirus isolate H116 nonfunctional late protein L1 gene, partial sequence	58.07117041543978	True
63	GP5+_None	Human papillomavirus	100	100.0	0.023	10566	TTTGTTACTGTGGTAGATACTAC	viruses	Human papillomavirus isolate H080 nonfunctional late protein L1 gene, partial sequence	Human papillomavirus isolate H080 nonfunctional late protein L1 gene, partial sequence	58.07117041543978	True
64	GP5+_None	Human papillomavirus	100	100.0	0.023	10566	TTTGTTACTGTGGTAGATACTAC	viruses	Human papillomavirus isolate H079 nonfunctional late protein L1 gene, partial sequence	Human papillomavirus isolate H079 nonfunctional late protein L1 gene, partial sequence	58.07117041543978	True
65	GP5+_None	Human papillomavirus	100	100.0	0.023	10566	TTTGTTACTGTGGTAGATACTAC	viruses	Human papillomavirus isolate H225 late protein L1 gene, partial cds	Human papillomavirus isolate H225 late protein L1 gene, partial cds	58.07117041543978	True
66	GP5+_None	Human papillomavirus	100	100.0	0.023	10566	TTTGTTACTGTGGTAGATACTAC	viruses	Human papillomavirus isolate H009 nonfunctional late protein L1 gene, partial sequence	Human papillomavirus isolate H009 nonfunctional late protein L1 gene, partial sequence	58.07117041543978	True
67	GP5+_None	Human papillomavirus	100	100.0	0.023	10566	TTTGTTACTGTGGTAGATACTAC	viruses	Human papillomavirus isolate H043 nonfunctional late protein L1 gene, partial sequence	Human papillomavirus isolate H043 nonfunctional late protein L1 gene, partial sequence	58.07117041543978	True
68	GP5+_None	Human papillomavirus	100	100.0	0.023	10566	TTTGTTACTGTGGTAGATACTAC	viruses	Human papillomavirus isolate H044 nonfunctional late protein L1 gene, partial sequence	Human papillomavirus isolate H044 nonfunctional late protein L1 gene, partial sequence	58.07117041543978	True
69	GP5+_None	Human papillomavirus	100	100.0	0.023	10566	TTTGTTACTGTGGTAGATACTAC	viruses	Human papillomavirus isolate H046 nonfunctional late protein L1 gene, partial sequence	Human papillomavirus isolate H046 nonfunctional late protein L1 gene, partial sequence	58.07117041543978	True
70	GP5+_None	Human papillomavirus	100	100.0	0.023	10566	TTTGTTACTGTGGTAGATACTAC	viruses	Human papillomavirus isolate H055 late protein L1 gene, partial cds	Human papillomavirus isolate H055 late protein L1 gene, partial cds	58.07117041543978	True
71	GP5+_None	Human papillomavirus	100	100.0	0.023	10566	TTTGTTACTGTGGTAGATACTAC	viruses	Human papillomavirus isolate H065 nonfunctional late protein L1 gene, partial sequence	Human papillomavirus isolate H065 nonfunctional late protein L1 gene, partial sequence	58.07117041543978	True
72	GP5+_None	Human papillomavirus	100	100.0	0.023	10566	TTTGTTACTGTGGTAGATACTAC	viruses	Human papillomavirus isolate H125 nonfunctional late protein L1 gene, partial sequence	Human papillomavirus isolate H125 nonfunctional late protein L1 gene, partial sequence	58.07117041543978	True
73	GP5+_None	Human papillomavirus	100	100.0	0.023	10566	TTTGTTACTGTGGTAGATACTAC	viruses	Human papillomavirus isolate H132 nonfunctional late protein L1 gene, partial sequence	Human papillomavirus isolate H132 nonfunctional late protein L1 gene, partial sequence	58.07117041543978	True
74	GP5+_None	Human papillomavirus	100	100.0	0.023	10566	TTTGTTACTGTGGTAGATACTAC	viruses	Human papillomavirus isolate H134 nonfunctional late protein L1 gene, partial sequence	Human papillomavirus isolate H134 nonfunctional late protein L1 gene, partial sequence	58.07117041543978	True
75	GP5+_None	Human papillomavirus	100	100.0	0.023	10566	TTTGTTACTGTGGTAGATACTAC	viruses	Human papillomavirus isolate H094 nonfunctional late protein L1 gene, partial sequence	Human papillomavirus isolate H094 nonfunctional late protein L1 gene, partial sequence	58.07117041543978	True
76	GP5+_None	Human papillomavirus	100	100.0	0.023	10566	TTTGTTACTGTGGTAGATACTAC	viruses	Human papillomavirus isolate H101 late protein L1 gene, partial cds	Human papillomavirus isolate H101 late protein L1 gene, partial cds	58.07117041543978	True
77	GP5+_None	Human papillomavirus	100	100.0	0.023	10566	TTTGTTACTGTGGTAGATACTAC	viruses	Human papillomavirus isolate H003 nonfunctional late protein L1 gene, partial sequence	Human papillomavirus isolate H003 nonfunctional late protein L1 gene, partial sequence	58.07117041543978	True
78	GP5+_None	Human papillomavirus	100	100.0	0.023	10566	TTTGTTACTGTGGTAGATACTAC	viruses	Human papillomavirus isolate H002 late protein L1 gene, partial cds	Human papillomavirus isolate H002 late protein L1 gene, partial cds	58.07117041543978	True
79	GP5+_None	Human papillomavirus type 16	100	100.0	0.023	333760	TTTGTTACTGTGGTAGATACTAC	viruses	Human papillomavirus type 16 strain 13-09* capsid protein (L1) gene, partial cds	Human papillomavirus type 16 strain 13-09* capsid protein (L1) gene, partial cds	58.07117041543978	True
80	GP5+_None	Human papillomavirus	100	100.0	0.023	10566	TTTGTTACTGTGGTAGATACTAC	viruses	Human papillomavirus isolate 18 L1 protein (L1) gene, partial cds	Human papillomavirus isolate 18 L1 protein (L1) gene, partial cds	58.07117041543978	True
81	GP5+_None	Human papillomavirus type 18	100	100.0	0.023	333761	TTTGTTACTGTGGTAGATACTAC	viruses	Human papillomavirus type 18 L1 gene, partial cds	Human papillomavirus type 18 L1 gene, partial cds	58.07117041543978	True
82	GP5+_None	Human papillomavirus type 16	100	100.0	0.023	333760	TTTGTTACTGTGGTAGATACTAC	viruses	Human papillomavirus type 16 strain HPV16/L1/Mali/Traore5 capsid protein (L1) gene, partial cds	Human papillomavirus type 16 strain HPV16/L1/Mali/Traore5 capsid protein (L1) gene, partial cds	58.07117041543978	True
83	GP5+_None	Human papillomavirus type 16	100	100.0	0.023	333760	TTTGTTACTGTGGTAGATACTAC	viruses	Human papillomavirus type 16 strain HPV16/L1/Mali/Traore4 capsid protein (L1) gene, partial cds	Human papillomavirus type 16 strain HPV16/L1/Mali/Traore4 capsid protein (L1) gene, partial cds	58.07117041543978	True
84	GP5+_None	Human papillomavirus type 16	100	100.0	0.023	333760	TTTGTTACTGTGGTAGATACTAC	viruses	Human papillomavirus type 16 strain HPV16/L1/Mali/Traore3 capsid protein (L1) gene, partial cds	Human papillomavirus type 16 strain HPV16/L1/Mali/Traore3 capsid protein (L1) gene, partial cds	58.07117041543978	True
85	GP5+_None	Human papillomavirus type 16	100	100.0	0.023	333760	TTTGTTACTGTGGTAGATACTAC	viruses	Human papillomavirus type 16 strain HPV16/L1/Mali/Traore2 capsid protein (L1) gene, partial cds	Human papillomavirus type 16 strain HPV16/L1/Mali/Traore2 capsid protein (L1) gene, partial cds	58.07117041543978	True
86	GP5+_None	Human papillomavirus type 16	100	100.0	0.023	333760	TTTGTTACTGTGGTAGATACTAC	viruses	Human papillomavirus type 16 strain HPV16/L1/Mali/Traore1 capsid protein (L1) gene, partial cds	Human papillomavirus type 16 strain HPV16/L1/Mali/Traore1 capsid protein (L1) gene, partial cds	58.07117041543978	True
87	GP5+_None	human papillomavirus 66	100	100.0	0.023	37119	TTTGTTACTGTGGTAGATACTAC	viruses	Human papillomavirus type 66 strain HPV66/L1/Congo-BZV/Boumba13 capsid protein (L1) gene, partial cds	Human papillomavirus type 66 strain HPV66/L1/Congo-BZV/Boumba13 capsid protein (L1) gene, partial cds	58.07117041543978	True
88	GP5+_None	human papillomavirus 33	100	100.0	0.023	10586	TTTGTTACTGTGGTAGATACTAC	viruses	Human papillomavirus type 33 strain HPV33/L1/Congo-BZV/Boumba12 capsid protein (L1) gene, partial cds	Human papillomavirus type 33 strain HPV33/L1/Congo-BZV/Boumba12 capsid protein (L1) gene, partial cds	58.07117041543978	True
89	GP5+_None	Human papillomavirus type 6	100	100.0	0.023	31552	TTTGTTACTGTGGTAGATACTAC	viruses	Human papillomavirus type 6 strain HPV6/L1/Congo-BZV/Boumba11 capsid protein (L1) gene, partial cds	Human papillomavirus type 6 strain HPV6/L1/Congo-BZV/Boumba11 capsid protein (L1) gene, partial cds	58.07117041543978	True
90	GP5+_None	Human papillomavirus type 70	100	100.0	0.023	39457	TTTGTTACTGTGGTAGATACTAC	viruses	Human papillomavirus type 70 strain HPV70/L1/Congo-BZV/Boumba10 capsid protein (L1) gene, partial cds	Human papillomavirus type 70 strain HPV70/L1/Congo-BZV/Boumba10 capsid protein (L1) gene, partial cds	58.07117041543978	True
91	GP5+_None	Human papillomavirus type 70	100	100.0	0.023	39457	TTTGTTACTGTGGTAGATACTAC	viruses	Human papillomavirus type 70 strain HPV70/L1/Congo-BZV/Boumba9 capsid protein (L1) gene, partial cds	Human papillomavirus type 70 strain HPV70/L1/Congo-BZV/Boumba9 capsid protein (L1) gene, partial cds	58.07117041543978	True
92	GP5+_None	Human papillomavirus type 70	100	100.0	0.023	39457	TTTGTTACTGTGGTAGATACTAC	viruses	Human papillomavirus type 70 strain HPV70/L1/Congo-BZV/Boumba8 capsid protein (L1) gene, partial cds	Human papillomavirus type 70 strain HPV70/L1/Congo-BZV/Boumba8 capsid protein (L1) gene, partial cds	58.07117041543978	True
93	GP5+_None	human papillomavirus 31	100	100.0	0.023	10585	TTTGTTACTGTGGTAGATACTAC	viruses	Human papillomavirus type 31 strain HPV31/L1/Congo-BZV/Boumba7 capsid protein (L1) gene, partial cds	Human papillomavirus type 31 strain HPV31/L1/Congo-BZV/Boumba7 capsid protein (L1) gene, partial cds	58.07117041543978	True
94	GP5+_None	human papillomavirus 31	100	100.0	0.023	10585	TTTGTTACTGTGGTAGATACTAC	viruses	Human papillomavirus type 31 strain HPV31/L1/Congo-BZV/Boumba6 capsid protein (L1) gene, partial cds	Human papillomavirus type 31 strain HPV31/L1/Congo-BZV/Boumba6 capsid protein (L1) gene, partial cds	58.07117041543978	True
95	GP5+_None	Human papillomavirus type 16	100	100.0	0.023	333760	TTTGTTACTGTGGTAGATACTAC	viruses	Human papillomavirus type 16 strain HPV16/L1/Congo-BZV/Boumba5 capsid protein-like (L1) gene, partial sequence	Human papillomavirus type 16 strain HPV16/L1/Congo-BZV/Boumba5 capsid protein-like (L1) gene, partial sequence	58.07117041543978	True
96	GP5+_None	Human papillomavirus type 18	100	100.0	0.023	333761	TTTGTTACTGTGGTAGATACTAC	viruses	Human papillomavirus type 18 isolate KD3 L1 protein (L1) gene, complete cds	Human papillomavirus type 18 isolate KD3 L1 protein (L1) gene, complete cds	58.07117041543978	True
97	GP5+_None	human papillomavirus 33	100	100.0	0.023	10586	TTTGTTACTGTGGTAGATACTAC	viruses	Human papillomavirus 33 isolate 1867104 L1 Protein (L1) gene, partial cds	Human papillomavirus 33 isolate 1867104 L1 Protein (L1) gene, partial cds	58.07117041543978	True
98	GP5+_None	Human papillomavirus type 18	100	100.0	0.023	333761	TTTGTTACTGTGGTAGATACTAC	viruses	Human papillomavirus type 18 isolate 2082600 L1 Protein (L1) gene, partial cds	Human papillomavirus type 18 isolate 2082600 L1 Protein (L1) gene, partial cds	58.07117041543978	True
99	GP5+_None	Human papillomavirus type 16	100	100.0	0.023	333760	TTTGTTACTGTGGTAGATACTAC	viruses	Human papillomavirus type 16 isolate 1762881 L1 Protein (L1) gene, partial cds	Human papillomavirus type 16 isolate 1762881 L1 Protein (L1) gene, partial cds	58.07117041543978	True
