GP5+_None	Human papillomavirus type 16	100	100.000	0.022	333760	TTTGTTACTGTGGTAGATACTAC
GP5+_None	Human papillomavirus type 16	100	100.000	0.022	333760	TTTGTTACTGTGGTAGATACTAC
GP5+_None	Human papillomavirus type 16	100	100.000	0.022	333760	TTTGTTACTGTGGTAGATACTAC
GP5+_None	Human papillomavirus type 16	100	100.000	0.022	333760	TTTGTTACTGTGGTAGATACTAC
GP5+_None	Human papillomavirus type 16	100	100.000	0.022	333760	TTTGTTACTGTGGTAGATACTAC
GP5+_None	Human papillomavirus type 16	100	100.000	0.022	333760	TTTGTTACTGTGGTAGATACTAC
GP5+_None	Human papillomavirus type 18	100	100.000	0.022	333761	TTTGTTACTGTGGTAGATACTAC
GP5+_None	human papillomavirus 33	100	100.000	0.022	10586	TTTGTTACTGTGGTAGATACTAC
GP5+_None	Human papillomavirus type 18	100	100.000	0.022	333761	TTTGTTACTGTGGTAGATACTAC
GP5+_None	Human papillomavirus type 16	100	100.000	0.022	333760	TTTGTTACTGTGGTAGATACTAC
